grid,sigma_u,sigma_v,n_per_arm,k_delayed,true_ete_pp,nsim,power_superiority,power_equivalence,mean_halfwidth_pp,mean_est_pp,delta_logit
main,1.2,1.0,150,16,0,1000,0.06,0.462,4.3921549120155365,-0.09959486207801642,0.0
main,1.2,1.0,150,16,3,1000,0.268,0.204,4.338633778972827,2.9688383369103892,0.21289892354279127
main,1.2,1.0,150,16,5,1000,0.633,0.038,4.307059610747112,5.022826280675896,0.35862527198583216
main,1.2,1.0,150,24,0,1000,0.059,0.509,4.154969658297416,0.05316624773381581,0.0
main,1.2,1.0,150,24,3,1000,0.311,0.238,4.109062772808662,3.0273242471095543,0.21289892354279127
main,1.2,1.0,150,24,5,1000,0.689,0.043,4.068360383703805,5.041074454944561,0.35862527198583216
main,1.2,1.0,150,32,0,1000,0.053,0.564,4.045809216445582,0.024303666047472746,0.0
main,1.2,1.0,150,32,3,1000,0.312,0.245,3.991513315242802,3.0192886729020505,0.21289892354279127
main,1.2,1.0,150,32,5,1000,0.691,0.045,3.9520831192563444,4.953955187571436,0.35862527198583216
main,1.2,1.0,250,16,0,1000,0.041,0.822,3.3881023888513844,-0.11012561786726646,0.0
main,1.2,1.0,250,16,3,1000,0.42,0.318,3.3614322331441286,3.0171889750570267,0.21289892354279127
main,1.2,1.0,250,16,5,1000,0.834,0.054,3.3265344691082817,4.969082728868565,0.35862527198583216
main,1.2,1.0,250,24,0,1000,0.037,0.843,3.2134254750177877,-0.02857639042652518,0.0
main,1.2,1.0,250,24,3,1000,0.44,0.355,3.1771554347632938,2.9435954743634327,0.21289892354279127
main,1.2,1.0,250,24,5,1000,0.88,0.041,3.148637929547298,4.98666350423579,0.35862527198583216
main,1.2,1.0,250,32,0,1000,0.042,0.863,3.124144802650087,-0.009595538314363817,0.0
main,1.2,1.0,250,32,3,1000,0.475,0.363,3.0875354034208984,2.9539495127091917,0.21289892354279127
main,1.2,1.0,250,32,5,1000,0.906,0.048,3.0598334305867874,5.017698823247513,0.35862527198583216
main,1.2,1.0,400,16,0,1000,0.04,0.961,2.6861128728079406,-0.0298656221376485,0.0
main,1.2,1.0,400,16,3,1000,0.6,0.43,2.649003082710834,3.0119610941290516,0.21289892354279127
main,1.2,1.0,400,16,5,1000,0.96,0.058,2.6270319954205124,5.022216060266739,0.35862527198583216
main,1.2,1.0,400,24,0,1000,0.043,0.979,2.5409263805728597,-0.005222854299190139,0.0
main,1.2,1.0,400,24,3,1000,0.645,0.478,2.5162538092047804,2.9845578378577398,0.21289892354279127
main,1.2,1.0,400,24,5,1000,0.974,0.058,2.484971194979561,4.971666155140875,0.35862527198583216
main,1.2,1.0,400,32,0,1000,0.059,0.974,2.4643766141091055,-0.051880116426785916,0.0
main,1.2,1.0,400,32,3,1000,0.655,0.499,2.4413036176158993,2.926342143744883,0.21289892354279127
main,1.2,1.0,400,32,5,1000,0.976,0.055,2.4098394015578752,5.011503948300174,0.35862527198583216
main,1.2,1.0,600,16,0,1000,0.052,0.998,2.1871607117132257,-0.012767610314975877,0.0
main,1.2,1.0,600,16,3,1000,0.783,0.557,2.1650687895570813,3.0110176884440647,0.21289892354279127
main,1.2,1.0,600,16,5,1000,0.992,0.058,2.148491149389597,4.941456527764919,0.35862527198583216
main,1.2,1.0,600,24,0,1000,0.04,0.998,2.073415550476899,0.029267646178086297,0.0
main,1.2,1.0,600,24,3,1000,0.819,0.601,2.047195975177441,3.030582548639925,0.21289892354279127
main,1.2,1.0,600,24,5,1000,0.998,0.05,2.0268613969193665,5.014908569737948,0.35862527198583216
main,1.2,1.0,600,32,0,1000,0.047,0.998,2.008426798619758,0.040936054469433644,0.0
main,1.2,1.0,600,32,3,1000,0.852,0.646,1.985481171293862,2.968522963172046,0.21289892354279127
main,1.2,1.0,600,32,5,1000,0.997,0.051,1.9700160264443614,4.997804197552585,0.35862527198583216
main,1.2,1.0,800,16,0,1000,0.049,1.0,1.891416740576397,-0.01437187574504903,0.0
main,1.2,1.0,800,16,3,1000,0.88,0.699,1.8731060061328932,2.9537960330888544,0.21289892354279127
main,1.2,1.0,800,16,5,1000,1.0,0.054,1.8586573939710835,4.984611672433504,0.35862527198583216
main,1.2,1.0,800,24,0,1000,0.047,1.0,1.7957713981659087,-0.008301209377853582,0.0
main,1.2,1.0,800,24,3,1000,0.919,0.706,1.7735425403009182,3.006343607888295,0.21289892354279127
main,1.2,1.0,800,24,5,1000,0.999,0.046,1.7586440381275388,5.048471458300592,0.35862527198583216
main,1.2,1.0,800,32,0,1000,0.053,1.0,1.7423861021123834,-0.05295607313222885,0.0
main,1.2,1.0,800,32,3,1000,0.929,0.732,1.7228915159481735,3.0233236685989375,0.21289892354279127
main,1.2,1.0,800,32,5,1000,1.0,0.051,1.7037962955124153,4.9798270800737,0.35862527198583216
main,1.2,1.0,1000,16,0,1000,0.055,1.0,1.694029794301723,-0.029989802061574464,0.0
main,1.2,1.0,1000,16,3,1000,0.949,0.741,1.6772676537421938,3.0251402730548267,0.21289892354279127
main,1.2,1.0,1000,16,5,1000,1.0,0.053,1.6594530314102371,4.997048701992512,0.35862527198583216
main,1.2,1.0,1000,24,0,1000,0.051,1.0,1.6021645718559088,-0.039264504031621794,0.0
main,1.2,1.0,1000,24,3,1000,0.965,0.791,1.5828481755466794,2.9994937745815067,0.21289892354279127
main,1.2,1.0,1000,24,5,1000,1.0,0.044,1.5711775078591295,4.979478628160144,0.35862527198583216
main,1.2,1.0,1000,32,0,1000,0.039,1.0,1.5564159448013684,-0.025369085743506187,0.0
main,1.2,1.0,1000,32,3,1000,0.958,0.829,1.5415388817920852,2.951741711112197,0.21289892354279127
main,1.2,1.0,1000,32,5,1000,1.0,0.056,1.5237814361615305,4.968261077822143,0.35862527198583216
main,1.2,1.0,1250,16,0,1000,0.051,1.0,1.513363225346815,0.03284521148154927,0.0
main,1.2,1.0,1250,16,3,1000,0.977,0.825,1.4983703465623919,2.996421735447023,0.21289892354279127
main,1.2,1.0,1250,16,5,1000,1.0,0.06,1.4864858489098296,4.957020357371291,0.35862527198583216
main,1.2,1.0,1250,24,0,1000,0.045,1.0,1.4323015640767376,0.014962310143193396,0.0
main,1.2,1.0,1250,24,3,1000,0.987,0.851,1.4205468928395557,3.0102055002820647,0.21289892354279127
main,1.2,1.0,1250,24,5,1000,1.0,0.06,1.40031042977531,4.983243332511654,0.35862527198583216
main,1.2,1.0,1250,32,0,1000,0.048,1.0,1.3928021859788375,0.006460190982262823,0.0
main,1.2,1.0,1250,32,3,1000,0.99,0.879,1.3775962263290455,2.9996198491521446,0.21289892354279127
main,1.2,1.0,1250,32,5,1000,1.0,0.05,1.363478597555468,4.985541327905179,0.35862527198583216
sens_su0.8,0.8,1.0,150,24,0,1000,0.053,0.796,3.3473769989719058,-0.028453649467699765,0.0
sens_su0.8,0.8,1.0,150,24,5,1000,0.852,0.054,3.2766742623429055,5.000274816977561,0.3370122918790064
sens_su0.8,0.8,1.0,400,24,0,1000,0.055,1.0,2.0467159969593967,-0.03676787057545176,0.0
sens_su0.8,0.8,1.0,400,24,5,1000,0.999,0.04,2.0050895507116118,5.021813650131509,0.3370122918790064
sens_su0.8,0.8,1.0,800,24,0,1000,0.046,1.0,1.4470985425448457,-0.01901910000619188,0.0
sens_su0.8,0.8,1.0,800,24,5,1000,1.0,0.056,1.4171515192817765,5.037826263507136,0.3370122918790064
sens_su1.6,1.6,1.0,150,24,0,1000,0.056,0.302,4.872141123829888,0.035084681484042826,0.0
sens_su1.6,1.6,1.0,150,24,5,1000,0.56,0.039,4.777477214168395,5.056102411904131,0.38663765960152363
sens_su1.6,1.6,1.0,400,24,0,1000,0.041,0.903,2.973273924120441,0.007869774871170616,0.0
sens_su1.6,1.6,1.0,400,24,5,1000,0.921,0.052,2.910141389110914,5.000477059718139,0.38663765960152363
sens_su1.6,1.6,1.0,800,24,0,1000,0.046,0.994,2.0996138143116263,-0.031596938887363014,0.0
sens_su1.6,1.6,1.0,800,24,5,1000,0.994,0.052,2.0604328096355857,4.995591345821213,0.38663765960152363
