sigma_slope,n_per_arm,k_delayed,true_ete_pp,nsim,cr_power_superiority,cr_power_equivalence,cr_halfwidth_pp,cr_coverage,pl_halfwidth_pp,pl_coverage
0.0,150,24,0,1000,0.047,0.518,4.227673229173188,0.953,4.1543783717862635,0.951
0.0,150,24,5,1000,0.658,0.046,4.1716881651551265,0.963,4.077980355524038,0.956
0.0,250,24,0,1000,0.047,0.838,3.277580043223338,0.953,3.2171182176824202,0.949
0.0,250,24,5,1000,0.863,0.055,3.2321855036888314,0.947,3.144921467839302,0.939
0.0,400,24,0,1000,0.046,0.972,2.595451867991442,0.954,2.538905214069409,0.948
0.0,400,24,5,1000,0.97,0.048,2.56970282294602,0.952,2.484375627550418,0.948
0.0,600,24,0,1000,0.061,0.996,2.119574369438766,0.939,2.0708254315069308,0.936
0.0,600,24,5,1000,0.999,0.056,2.1028093393659923,0.955,2.025918007590829,0.947
0.3,150,16,0,1000,0.059,0.289,5.060650948717592,0.941,4.384431994063457,0.904
0.3,150,16,5,1000,0.525,0.034,5.012935529366537,0.955,4.309198935863204,0.928
0.3,150,24,0,1000,0.06,0.4,4.584258791616243,0.94,4.144654099290544,0.916
0.3,150,24,5,1000,0.602,0.041,4.48026850703531,0.957,4.061462184187685,0.94
0.3,150,32,0,1000,0.046,0.461,4.34869616516648,0.954,4.027617403866534,0.935
0.3,150,32,5,1000,0.634,0.043,4.248298925692846,0.952,3.9378547429556363,0.938
0.3,250,16,0,1000,0.032,0.536,4.180975554001258,0.968,3.3825949916348694,0.907
0.3,250,16,5,1000,0.672,0.046,4.117496409224843,0.958,3.325931301818313,0.905
0.3,250,24,0,1000,0.036,0.712,3.7370784908175705,0.964,3.2157805314786354,0.918
0.3,250,24,5,1000,0.752,0.047,3.655304868120545,0.953,3.1384785354131925,0.919
0.3,250,32,0,1000,0.043,0.777,3.500704465905824,0.957,3.108756590464934,0.933
0.3,250,32,5,1000,0.81,0.059,3.427107429739111,0.94,3.048754826492862,0.909
0.3,400,16,0,1000,0.036,0.756,3.592971710712572,0.964,2.675269675833308,0.865
0.3,400,16,5,1000,0.809,0.037,3.503429232271358,0.967,2.618885036322223,0.895
0.3,400,24,0,1000,0.049,0.872,3.1444968127180513,0.951,2.530221443384235,0.897
0.3,400,24,5,1000,0.896,0.051,3.097809521395615,0.946,2.486078497881126,0.886
0.3,400,32,0,1000,0.043,0.916,2.9375039694066336,0.957,2.45737982935458,0.903
0.3,400,32,5,1000,0.94,0.046,2.871639551858769,0.957,2.407182226209244,0.914
0.3,600,16,0,1000,0.047,0.865,3.1905750968731406,0.953,2.1840243253842004,0.851
0.3,600,16,5,1000,0.869,0.055,3.1483974277396047,0.958,2.1384051076872717,0.824
0.3,600,24,0,1000,0.055,0.939,2.7758994982122442,0.945,2.0646362375075755,0.861
0.3,600,24,5,1000,0.947,0.066,2.7208861309346366,0.95,2.024273360601066,0.85
0.3,600,32,0,1000,0.042,0.98,2.5474310917274408,0.958,2.005243725173522,0.89
0.3,600,32,5,1000,0.976,0.04,2.51291664455439,0.954,1.9662962862276927,0.886
