"contrast","estimate","ci95_lo","ci95_hi","ci90_lo","ci90_hi","p_a","p_b","superior","equivalent"
"ETE_answer_first_ai_vs_active_practice",-5.64,-8.55,-2.77,-8.04,-3.26,54.73,60.37,1,0
"ETE_evidence_first_ai_vs_active_practice",-0.89,-3.75,2.02,-3.29,1.52,59.47,60.37,0,1
"ETE_no_practice_vs_active_practice",-5.62,-8.46,-2.69,-8.11,-3.12,54.75,60.37,1,0
"ETE_answer_first_ai_vs_no_practice",-0.02,-2.96,2.91,-2.47,2.42,54.73,54.75,0,1
"ETE_evidence_first_ai_vs_no_practice",4.72,1.86,7.57,2.25,7.12,59.47,54.75,1,0
"ETE_answer_first_ai_vs_active_practice_near",-6.32,-9.88,-2.76,-9.33,-3.36,54,60.33,1,0
"ETE_evidence_first_ai_vs_active_practice_near",-0.32,-3.73,3.24,-3.21,2.61,60,60.33,0,1
"ETE_answer_first_ai_vs_active_practice_intermediate",-5.51,-9,-2.06,-8.42,-2.59,58.87,64.38,1,0
"ETE_evidence_first_ai_vs_active_practice_intermediate",-1.98,-5.48,1.41,-4.88,0.83,62.4,64.38,0,1
"ETE_answer_first_ai_vs_active_practice_far",-5.08,-8.62,-1.38,-8.04,-2.05,51.08,56.16,1,0
"ETE_evidence_first_ai_vs_active_practice_far",-0.34,-3.79,3.26,-3.3,2.63,55.82,56.16,0,1
"ETE_check_participant_level_answer_first_ai_vs_active_practice",-5.4,-8.3,-2.49,NA,NA,NA,NA,NA,NA
"ETE_check_participant_level_evidence_first_ai_vs_active_practice",-0.73,-3.64,2.17,NA,NA,NA,NA,NA,NA
"ETE_check_participant_level_no_practice_vs_active_practice",-5.51,-8.42,-2.6,NA,NA,NA,NA,NA,NA
"ETE_check_twoway_CR_answer_first_ai_vs_active_practice",-5.37,-8.42,-2.32,-7.9,-2.84,NA,NA,NA,NA
"ETE_check_twoway_CR_evidence_first_ai_vs_active_practice",-0.79,-3.7,2.12,-3.2,1.62,NA,NA,NA,NA
"ETE_check_twoway_CR_no_practice_vs_active_practice",-5.45,-8.57,-2.32,-8.04,-2.86,NA,NA,NA,NA
"TRC_answer_first_ai",27.92,20.33,36.06,21.37,34.72,94.18,66.26,1,0
"TRC_evidence_first_ai",31.66,23.24,40.77,24.51,39.22,97.38,65.72,1,0
"TRC_check_within_person_answer_first_ai",27.58,24.63,30.54,NA,NA,NA,NA,NA,NA
"TRC_check_within_person_evidence_first_ai",31.08,28.03,34.14,NA,NA,NA,NA,NA,NA
